"image","xmin","ymin","xmax","ymax","label"
"Drone_001.mp4#t=256.133333",1764.105406963972,417.4032897949219,1963.8664323374342,784.6032485961914,"walk"
"Drone_001.mp4#t=257.6",1418.573017355009,422.80320739746094,1623.7329058655537,752.203125,"walk"
"Drone_001.mp4#t=259.866667",878.6784655096661,390.4032897949219,1148.6257414323375,779.203125,"walk"
"Drone_001.mp4#t=410.133333",1001.5043524824251,299.953125,1233.659174538664,650.953125,"walk"